Organism	GO_id	Label	Type	Evidence	Gene	Product	ECnumber	Mutation	ProductType	Localization	Roles	BioProcess	PubmedID	AmigeneStatus	Class	CreationDate	Frame	Begin	End	Length
Vibrio aestuarianus 12_016 WGS VAESTLR12016	85464273	VAESTLR12016_v1_10056	CDS	automatic/finished	atpD	ATP synthase F1 complex subunit beta	7.1.2.2	no						no		2021-05-07 00:00:00	-3	58337	59740	1404
Vibrio aestuarianus 12_016 WGS VAESTLR12016	85464343	VAESTLR12016_v1_10126	CDS	automatic/finished	yrdA	protein YrdA		no						no		2021-05-07 00:00:00	-2	123000	123548	549
Vibrio aestuarianus 12_016 WGS VAESTLR12016	85464376	VAESTLR12016_v1_10159	CDS	automatic/finished	ftsE	cell division protein FtsE		no						no		2021-05-07 00:00:00	+2	157961	158635	675
Vibrio aestuarianus 12_016 WGS VAESTLR12016	85464411	VAESTLR12016_v1_10194	CDS	automatic/finished	glnG	DNA-binding transcriptional dual regulator NtrC		no						no		2021-05-07 00:00:00	-2	199524	200927	1404
Vibrio aestuarianus 12_016 WGS VAESTLR12016	85464426	VAESTLR12016_v1_10209	CDS	automatic/finished	epsC	Type II secretion system protein C		no						no		2021-05-07 00:00:00	+3	216117	217037	921
Vibrio aestuarianus 12_016 WGS VAESTLR12016	85464427	VAESTLR12016_v1_10210	CDS	automatic/finished	gspD	Type II secretion system protein GspD		no						no		2021-05-07 00:00:00	+2	217076	219106	2031
Vibrio aestuarianus 12_016 WGS VAESTLR12016	85464428	VAESTLR12016_v1_10211	CDS	automatic/finished	gspE	Type II secretion system protein GspE		no						no		2021-05-07 00:00:00	+1	219103	220602	1500
Vibrio aestuarianus 12_016 WGS VAESTLR12016	85464429	VAESTLR12016_v1_10212	CDS	automatic/finished	gspF	Type II secretion system protein GspF		no						no		2021-05-07 00:00:00	+1	220606	221826	1221
Vibrio aestuarianus 12_016 WGS VAESTLR12016	85464430	VAESTLR12016_v1_10213	CDS	automatic/finished	gspG	Type II secretion system protein GspG		no						no		2021-05-07 00:00:00	+3	221880	222323	444
Vibrio aestuarianus 12_016 WGS VAESTLR12016	85464431	VAESTLR12016_v1_10214	CDS	automatic/finished	epsH	Type II secretion system protein H		no						no		2021-05-07 00:00:00	+1	222400	222978	579
Vibrio aestuarianus 12_016 WGS VAESTLR12016	85464432	VAESTLR12016_v1_10215	CDS	automatic/finished	epsI	Type II secretion system protein I		no						no		2021-05-07 00:00:00	+2	222968	223324	357
Vibrio aestuarianus 12_016 WGS VAESTLR12016	85464433	VAESTLR12016_v1_10216	CDS	automatic/finished	epsJ	Type II secretion system protein J		no						no		2021-05-07 00:00:00	+3	223311	223961	651
Vibrio aestuarianus 12_016 WGS VAESTLR12016	85464434	VAESTLR12016_v1_10217	CDS	automatic/finished	epsK	Type II secretion system protein K		no						no		2021-05-07 00:00:00	+1	223948	224985	1038
Vibrio aestuarianus 12_016 WGS VAESTLR12016	85464487	VAESTLR12016_v1_10270	CDS	automatic/finished		Regulator of sigma D		no						no		2021-05-07 00:00:00	-2	285465	285953	489
Vibrio aestuarianus 12_016 WGS VAESTLR12016	85464495	VAESTLR12016_v1_10278	CDS	automatic/finished		Methyl-accepting chemotaxis protein		no						no		2021-05-07 00:00:00	-2	294093	295973	1881
Vibrio aestuarianus 12_016 WGS VAESTLR12016	85464512	VAESTLR12016_v1_10295	CDS	automatic/finished	fkpA	peptidyl-prolyl cis-trans isomerase FkpA	5.2.1.8	no						no		2021-05-07 00:00:00	+3	314370	315158	789
Vibrio aestuarianus 12_016 WGS VAESTLR12016	85464576	VAESTLR12016_v1_10359	CDS	automatic/finished	galU	UTP--glucose-1-phosphate uridylyltransferase	2.7.7.9	no						no		2021-05-07 00:00:00	-1	377044	377913	870
Vibrio aestuarianus 12_016 WGS VAESTLR12016	85464589	VAESTLR12016_v1_10372	CDS	automatic/finished	pilB	Type IV pilus assembly ATPase PilB		no						no		2021-05-07 00:00:00	+2	388625	390349	1725
Vibrio aestuarianus 12_016 WGS VAESTLR12016	85464590	VAESTLR12016_v1_10373	CDS	automatic/finished		MSHA biogenesis protein MshG		no						no		2021-05-07 00:00:00	+1	390358	391581	1224
Vibrio aestuarianus 12_016 WGS VAESTLR12016	85464593	VAESTLR12016_v1_10376	CDS	automatic/finished		MSHA pilin protein MshA		no						no		2021-05-07 00:00:00	+2	392774	393247	474
Vibrio aestuarianus 12_016 WGS VAESTLR12016	85464630	VAESTLR12016_v1_10413	CDS	automatic/finished	pdxA	4-hydroxythreonine-4-phosphate dehydrogenase	1.1.1.262	no						no		2021-05-07 00:00:00	-2	430434	431426	993
Vibrio aestuarianus 12_016 WGS VAESTLR12016	85464642	VAESTLR12016_v1_10425	CDS	automatic/finished	rdgB	dITP/XTP pyrophosphatase	3.6.1.66	no						no		2021-05-07 00:00:00	-1	443395	443991	597
Vibrio aestuarianus 12_016 WGS VAESTLR12016	85464648	VAESTLR12016_v1_10431	CDS	automatic/finished	yggR	Type II/IV secretion system family protein		no						no		2021-05-07 00:00:00	+2	446975	448012	1038
Vibrio aestuarianus 12_016 WGS VAESTLR12016	85464649	VAESTLR12016_v1_10432	CDS	automatic/finished	pilU	Type IV pilus ATPase PilU		no						no		2021-05-07 00:00:00	+3	448023	449129	1107
Vibrio aestuarianus 12_016 WGS VAESTLR12016	85464653	VAESTLR12016_v1_10436	CDS	automatic/finished	rsmE	16S rRNA m(3)U1498 methyltransferase	2.1.1.193	no						no		2021-05-07 00:00:00	-3	451223	451954	732
Vibrio aestuarianus 12_016 WGS VAESTLR12016	85464692	VAESTLR12016_v1_10475	CDS	automatic/finished		protein of unknown function		no	u : unknown	1 : Unknown				no	5 : Unknown function	2021-05-07 00:00:00	+3	498720	499748	1029
Vibrio aestuarianus 12_016 WGS VAESTLR12016	85464716	VAESTLR12016_v1_10499	CDS	automatic/finished		Glutamyl-tRNA amidotransferase		no						no		2021-05-07 00:00:00	-2	527094	527537	444
Vibrio aestuarianus 12_016 WGS VAESTLR12016	85464725	VAESTLR12016_v1_10508	CDS	automatic/finished	ispD	2-C-methyl-D-erythritol 4-phosphate cytidylyltransferase	2.7.7.60	no						no		2021-05-07 00:00:00	+3	532932	533630	699
Vibrio aestuarianus 12_016 WGS VAESTLR12016	85464754	VAESTLR12016_v1_10537	CDS	automatic/finished	luxS	S-ribosylhomocysteine lyase	4.4.1.21	no						no		2021-05-07 00:00:00	+3	569103	569621	519
Vibrio aestuarianus 12_016 WGS VAESTLR12016	85464765	VAESTLR12016_v1_10548	CDS	automatic/finished	vvpD	Leader peptidase / N-methyltransferase	3.4.23.43, 2.1.1.-	no						no		2021-05-07 00:00:00	-2	577533	578405	873
Vibrio aestuarianus 12_016 WGS VAESTLR12016	85464766	VAESTLR12016_v1_10549	CDS	automatic/finished	pilC	Type IV pilin assembly protein PilC		no						no		2021-05-07 00:00:00	-2	578445	579668	1224
Vibrio aestuarianus 12_016 WGS VAESTLR12016	85464767	VAESTLR12016_v1_10550	CDS	automatic/finished	tapB	Type IV pilus assembly protein TapB		no						no		2021-05-07 00:00:00	-3	579701	581389	1689
Vibrio aestuarianus 12_016 WGS VAESTLR12016	85464768	VAESTLR12016_v1_10551	CDS	automatic/finished		Type IV pilin PilA		no						no		2021-05-07 00:00:00	-1	581398	581817	420
Vibrio aestuarianus 12_016 WGS VAESTLR12016	85464784	VAESTLR12016_v1_10567	CDS	automatic/finished	yadG	putative ABC transporter ATP-binding protein YadG		no						no	3 : Putative function from multiple computational evidences	2021-05-07 00:00:00	+3	599751	600671	921
Vibrio aestuarianus 12_016 WGS VAESTLR12016	85464806	VAESTLR12016_v1_10589	CDS	automatic/finished		ABC transporter		no						no		2021-05-07 00:00:00	+2	626441	627469	1029
Vibrio aestuarianus 12_016 WGS VAESTLR12016	85464817	VAESTLR12016_v1_10600	CDS	automatic/finished		Chitin catabolic cascade sensor histidine kinase ChiS		no						no		2021-05-07 00:00:00	-1	643252	646638	3387
Vibrio aestuarianus 12_016 WGS VAESTLR12016	85464828	VAESTLR12016_v1_10611	CDS	automatic/finished	ompU	Outer membrane protein U		no						no		2021-05-07 00:00:00	-2	661170	662219	1050
Vibrio aestuarianus 12_016 WGS VAESTLR12016	85464860	VAESTLR12016_v1_10643	CDS	automatic/finished		Transcriptional regulator VpsR		no						no		2021-05-07 00:00:00	+2	698375	699709	1335
Vibrio aestuarianus 12_016 WGS VAESTLR12016	85464874	VAESTLR12016_v1_10657	CDS	automatic/finished	murJ	putative lipid II flippase MurJ		no						no	3 : Putative function from multiple computational evidences	2021-05-07 00:00:00	+2	711983	713545	1563
Vibrio aestuarianus 12_016 WGS VAESTLR12016	85464877	VAESTLR12016_v1_10660	CDS	automatic/finished	lspA	lipoprotein signal peptidase	3.4.23.36	no						no		2021-05-07 00:00:00	+3	717534	718040	507
Vibrio aestuarianus 12_016 WGS VAESTLR12016	85464887	VAESTLR12016_v1_10670	CDS	automatic/finished	btsR	DNA-binding transcriptional activator BtsR		no						no		2021-05-07 00:00:00	-1	726415	727131	717
Vibrio aestuarianus 12_016 WGS VAESTLR12016	85464893	VAESTLR12016_v1_10676	CDS	automatic/finished	ettA	energy-dependent translational throttle protein EttA		no						no		2021-05-07 00:00:00	-3	732026	733693	1668
Vibrio aestuarianus 12_016 WGS VAESTLR12016	85464915	VAESTLR12016_v1_10698	CDS	automatic/finished	gluP	Glucose/galactose transporter		no						no		2021-05-07 00:00:00	-3	758120	759361	1242
Vibrio aestuarianus 12_016 WGS VAESTLR12016	85464928	VAESTLR12016_v1_10711	CDS	automatic/finished	phoB	DNA-binding transcriptional dual regulator PhoB		no						no		2021-05-07 00:00:00	+1	771148	771837	690
Vibrio aestuarianus 12_016 WGS VAESTLR12016	85464939	VAESTLR12016_v1_10722	CDS	automatic/finished	aceA	isocitrate lyase	4.1.3.1	no						no		2021-05-07 00:00:00	+3	784947	786257	1311
Vibrio aestuarianus 12_016 WGS VAESTLR12016	85464976	VAESTLR12016_v1_10759	CDS	automatic/finished	katG	hydroperoxidase I	1.11.1.21	no						no		2021-05-07 00:00:00	+3	822561	824735	2175
Vibrio aestuarianus 12_016 WGS VAESTLR12016	85465005	VAESTLR12016_v1_10788	CDS	automatic/finished	recN	DNA repair protein RecN		no						no		2021-05-07 00:00:00	-1	849745	851409	1665
Vibrio aestuarianus 12_016 WGS VAESTLR12016	85465020	VAESTLR12016_v1_10803	CDS	automatic/finished		LysR family transcriptional regulator		no						no		2021-05-07 00:00:00	+2	864485	865351	867
Vibrio aestuarianus 12_016 WGS VAESTLR12016	85465044	VAESTLR12016_v1_10827	CDS	automatic/finished	pomA	Chemotaxis protein PomA		no						no		2021-05-07 00:00:00	+3	887016	887780	765
Vibrio aestuarianus 12_016 WGS VAESTLR12016	85465058	VAESTLR12016_v1_10841	CDS	automatic/finished	metQ	L-methionine/D-methionine ABC transporter membrane anchored binding protein	7.4.2.-	no						no		2021-05-07 00:00:00	-2	902838	903647	810
Vibrio aestuarianus 12_016 WGS VAESTLR12016	85465060	VAESTLR12016_v1_10843	CDS	automatic/finished	metN	L-methionine/D-methionine ABC transporter ATP binding subunit	7.4.2.-	no						no		2021-05-07 00:00:00	-1	904363	905397	1035
Vibrio aestuarianus 12_016 WGS VAESTLR12016	85465062	VAESTLR12016_v1_10845	CDS	automatic/finished	gmhB	D-glycero-beta-D-manno-heptose-1,7-bisphosphate 7-phosphatase	3.1.3.82	no						no		2021-05-07 00:00:00	+2	906554	907162	609
Vibrio aestuarianus 12_016 WGS VAESTLR12016	85465166	VAESTLR12016_v1_10949	CDS	automatic/finished	cph2	Bacteriophytochrome cph2		no						no		2021-05-07 00:00:00	-3	1011806	1013356	1551
Vibrio aestuarianus 12_016 WGS VAESTLR12016	85465175	VAESTLR12016_v1_10958	CDS	automatic/finished		conserved exported protein of unknown function		no	u : unknown	1 : Unknown				no	4 : Unknown function but conserved in other organisms	2021-05-07 00:00:00	-1	1018744	1018971	228
Vibrio aestuarianus 12_016 WGS VAESTLR12016	85465191	VAESTLR12016_v1_10974	CDS	automatic/finished	luxO	Regulatory protein LuxO		no						no		2021-05-07 00:00:00	+2	1034486	1035847	1362
Vibrio aestuarianus 12_016 WGS VAESTLR12016	85465220	VAESTLR12016_v1_11003	CDS	automatic/finished		Response regulator		no						no		2021-05-07 00:00:00	+3	1064898	1066016	1119
Vibrio aestuarianus 12_016 WGS VAESTLR12016	85465234	VAESTLR12016_v1_11017	CDS	automatic/finished	msrB	methionine sulfoxide reductase B	1.8.4.12, 1.8.4.14	no						no		2021-05-07 00:00:00	+2	1076510	1076914	405
Vibrio aestuarianus 12_016 WGS VAESTLR12016	85465265	VAESTLR12016_v1_11048	CDS	automatic/finished	ompR	DNA-binding dual transcriptional regulator OmpR		no						no		2021-05-07 00:00:00	+3	1113654	1114385	732
Vibrio aestuarianus 12_016 WGS VAESTLR12016	85465273	VAESTLR12016_v1_11056	CDS	automatic/finished	dctD	C4-dicarboxylate transport transcriptional regulatory protein DctD		no						no		2021-05-07 00:00:00	-2	1121643	1122983	1341
Vibrio aestuarianus 12_016 WGS VAESTLR12016	85465277	VAESTLR12016_v1_11060	CDS	automatic/finished	clpP	ATP-dependent Clp protease proteolytic subunit	3.4.21.92	no						no		2021-05-07 00:00:00	+1	1126747	1127373	627
Vibrio aestuarianus 12_016 WGS VAESTLR12016	85465320	VAESTLR12016_v1_11103	CDS	automatic/finished	lolD	lipoprotein release complex - ATP binding subunit		no						no		2021-05-07 00:00:00	+3	1180554	1181240	687
Vibrio aestuarianus 12_016 WGS VAESTLR12016	85465324	VAESTLR12016_v1_11107	CDS	automatic/finished	msbA	ATP-binding lipopolysaccharide transport protein	3.6.3.39, 7.5.2.-	no						no		2021-05-07 00:00:00	+3	1185546	1187294	1749
Vibrio aestuarianus 12_016 WGS VAESTLR12016	85465325	VAESTLR12016_v1_11108	CDS	automatic/finished	lpxK	tetraacyldisaccharide 4'-kinase	2.7.1.130	no						no		2021-05-07 00:00:00	+3	1187295	1188305	1011
Vibrio aestuarianus 12_016 WGS VAESTLR12016	85465327	VAESTLR12016_v1_11110	CDS	automatic/finished	kdsB	3-deoxy-manno-octulosonate cytidylyltransferase	2.7.7.38	no						no		2021-05-07 00:00:00	+3	1188465	1189217	753
Vibrio aestuarianus 12_016 WGS VAESTLR12016	85465341	VAESTLR12016_v1_11124	CDS	automatic/finished	hisP	lysine/arginine/ornithine ABC transporter/histidine ABC transporter, ATP binding subunit	7.4.2.1	no						no		2021-05-07 00:00:00	+1	1205206	1205976	771
Vibrio aestuarianus 12_016 WGS VAESTLR12016	85465410	VAESTLR12016_v1_11193	CDS	automatic/finished	lpxH	UDP-2,3-diacylglucosamine diphosphatase	3.6.1.54	no						no		2021-05-07 00:00:00	-3	1256405	1257139	735
Vibrio aestuarianus 12_016 WGS VAESTLR12016	85465411	VAESTLR12016_v1_11194	CDS	automatic/finished	ppiB	peptidyl-prolyl cis-trans isomerase B	5.2.1.8	no						no		2021-05-07 00:00:00	-2	1257177	1257671	495
Vibrio aestuarianus 12_016 WGS VAESTLR12016	85465428	VAESTLR12016_v1_11211	CDS	automatic/finished		Histidine kinase	2.7.13.3	no						no		2021-05-07 00:00:00	+2	1272770	1275193	2424
Vibrio aestuarianus 12_016 WGS VAESTLR12016	85465484	VAESTLR12016_v1_11267	CDS	automatic/finished	clpA	ATP-dependent Clp protease ATP-binding subunit ClpA	3.4.21.92	no						no		2021-05-07 00:00:00	+2	1329395	1331668	2274
Vibrio aestuarianus 12_016 WGS VAESTLR12016	85465537	VAESTLR12016_v1_11320	CDS	automatic/finished	sapF	putrescine ABC exporter ATP binding protein SapF	7.6.2.-	no						no		2021-05-07 00:00:00	-1	1388248	1389042	795
Vibrio aestuarianus 12_016 WGS VAESTLR12016	85465542	VAESTLR12016_v1_11325	CDS	automatic/finished	pspF	DNA-binding transcriptional dual regulator PspF		no						no		2021-05-07 00:00:00	-3	1393586	1394587	1002
Vibrio aestuarianus 12_016 WGS VAESTLR12016	85465580	VAESTLR12016_v1_11363	CDS	automatic/finished	pmrA	Response regulator protein PmrA		no						no		2021-05-07 00:00:00	-2	1431117	1431776	660
Vibrio aestuarianus 12_016 WGS VAESTLR12016	85465588	VAESTLR12016_v1_11371	CDS	automatic/finished		ABC transporter ATP-binding protein		no						no		2021-05-07 00:00:00	+1	1439974	1440645	672
Vibrio aestuarianus 12_016 WGS VAESTLR12016	85465593	VAESTLR12016_v1_11376	CDS	automatic/finished		Aminotransferase class III		no						no		2021-05-07 00:00:00	+2	1446242	1449127	2886
Vibrio aestuarianus 12_016 WGS VAESTLR12016	85465618	VAESTLR12016_v1_11401	CDS	automatic/finished		LysR family transcriptional regulator		no						no		2021-05-07 00:00:00	-1	1474699	1475637	939
Vibrio aestuarianus 12_016 WGS VAESTLR12016	85465632	VAESTLR12016_v1_11415	CDS	automatic/finished		Hydrolase		no						no		2021-05-07 00:00:00	-2	1484901	1486541	1641
Vibrio aestuarianus 12_016 WGS VAESTLR12016	85465636	VAESTLR12016_v1_11419	CDS	automatic/finished		Uncharacterized 52.8 kDa protein in TAR-I ttuC' 3'region		no						no		2021-05-07 00:00:00	-3	1489322	1490848	1527
Vibrio aestuarianus 12_016 WGS VAESTLR12016	85465673	VAESTLR12016_v1_11456	CDS	automatic/finished		Paraquat-inducible protein B		no						no		2021-05-07 00:00:00	-3	1528757	1531396	2640
Vibrio aestuarianus 12_016 WGS VAESTLR12016	85465675	VAESTLR12016_v1_11458	CDS	automatic/finished		ABC-type multidrug transport system, ATPase and permease component		no						no		2021-05-07 00:00:00	-2	1532673	1534475	1803
Vibrio aestuarianus 12_016 WGS VAESTLR12016	85465688	VAESTLR12016_v1_11471	CDS	automatic/finished	uup	ATP-binding protein with possible role in replication		no						no		2021-05-07 00:00:00	+2	1551317	1553140	1824
Vibrio aestuarianus 12_016 WGS VAESTLR12016	85465713	VAESTLR12016_v1_11496	CDS	automatic/finished		protein of unknown function		no	u : unknown	1 : Unknown				no	5 : Unknown function	2021-05-07 00:00:00	-2	1569921	1570421	501
Vibrio aestuarianus 12_016 WGS VAESTLR12016	85465730	VAESTLR12016_v1_11513	CDS	automatic/finished	potA	spermidine preferential ABC transporter ATP binding subunit	7.6.2.-	no						no		2021-05-07 00:00:00	+3	1585881	1587053	1173
Vibrio aestuarianus 12_016 WGS VAESTLR12016	85465756	VAESTLR12016_v1_11539	CDS	automatic/finished	afuC	CP4-6 prophage; ABC transporter ATP-binding protein AfuC		no						no		2021-05-07 00:00:00	+3	1613337	1614392	1056
Vibrio aestuarianus 12_016 WGS VAESTLR12016	85465758	VAESTLR12016_v1_11541	CDS	automatic/finished		Fis family transcriptional regulator		no						no		2021-05-07 00:00:00	-1	1616470	1617963	1494
Vibrio aestuarianus 12_016 WGS VAESTLR12016	85465761	VAESTLR12016_v1_11544	CDS	automatic/finished		ABC-type tungstate transport system, ATP-binding protein		no						no		2021-05-07 00:00:00	+3	1619739	1620455	717
Vibrio aestuarianus 12_016 WGS VAESTLR12016	85465769	VAESTLR12016_v1_11552	CDS	automatic/finished	nlpC	putative endopeptidase NlpC	3.4.-.-	no						no	3 : Putative function from multiple computational evidences	2021-05-07 00:00:00	+2	1628099	1628611	513
Vibrio aestuarianus 12_016 WGS VAESTLR12016	85465813	VAESTLR12016_v1_11596	CDS	automatic/finished	ynjD	putative ABC transporter ATP-binding protein YnjD		no						no	3 : Putative function from multiple computational evidences	2021-05-07 00:00:00	+1	1671295	1671942	648
Vibrio aestuarianus 12_016 WGS VAESTLR12016	85465858	VAESTLR12016_v1_11641	CDS	automatic/finished		Methyl-accepting chemotaxis protein		no						no		2021-05-07 00:00:00	-1	1720528	1722411	1884
Vibrio aestuarianus 12_016 WGS VAESTLR12016	85465881	VAESTLR12016_v1_11664	CDS	automatic/finished	hutX	Intracellular heme transport protein HutX		no						no		2021-05-07 00:00:00	-1	1744126	1744638	513
Vibrio aestuarianus 12_016 WGS VAESTLR12016	85465882	VAESTLR12016_v1_11665	CDS	automatic/finished		Radical SAM family protein HutW, similar to coproporphyrinogen III oxidase, oxygen-independent, associated with heme uptake		no						no		2021-05-07 00:00:00	-2	1744626	1746017	1392
Vibrio aestuarianus 12_016 WGS VAESTLR12016	85465886	VAESTLR12016_v1_11669	CDS	automatic/finished		Periplasmic hemin-binding protein		no						no		2021-05-07 00:00:00	+3	1748052	1748900	849
Vibrio aestuarianus 12_016 WGS VAESTLR12016	85465887	VAESTLR12016_v1_11670	CDS	automatic/finished	hmuU	Hemin transport system permease protein HmuU		no						no		2021-05-07 00:00:00	+1	1748881	1749945	1065
Vibrio aestuarianus 12_016 WGS VAESTLR12016	85465888	VAESTLR12016_v1_11671	CDS	automatic/finished	hmuV	Hemin import ATP-binding protein HmuV	7.6.2.-	no						no		2021-05-07 00:00:00	+3	1749942	1750724	783
Vibrio aestuarianus 12_016 WGS VAESTLR12016	85465899	VAESTLR12016_v1_11682	CDS	automatic/finished	ugpC	sn-glycerol 3-phosphate ABC transporter ATP binding subunit	7.6.2.-	no						no		2021-05-07 00:00:00	+1	1761979	1763061	1083
Vibrio aestuarianus 12_016 WGS VAESTLR12016	85465912	VAESTLR12016_v1_11695	CDS	automatic/finished		Sensory box sensor histidine kinase/response regulator VieS		no						no		2021-05-07 00:00:00	-3	1773668	1777255	3588
Vibrio aestuarianus 12_016 WGS VAESTLR12016	85465967	VAESTLR12016_v1_11750	CDS	automatic/finished	clpV	AAA+ ATPase ClpV1		no						no		2021-05-07 00:00:00	-2	1833405	1836011	2607
Vibrio aestuarianus 12_016 WGS VAESTLR12016	85465972	VAESTLR12016_v1_11755	CDS	automatic/finished	tssC	Type VI secretion system sheath protein TssC1		no						no		2021-05-07 00:00:00	-3	1840574	1842052	1479
Vibrio aestuarianus 12_016 WGS VAESTLR12016	85465973	VAESTLR12016_v1_11756	CDS	automatic/finished	tssB	Type VI secretion system contractile sheath small subunit		no						no		2021-05-07 00:00:00	-1	1842052	1842561	510
Vibrio aestuarianus 12_016 WGS VAESTLR12016	85465976	VAESTLR12016_v1_11759	CDS	automatic/finished		VgrG protein		no						no		2021-05-07 00:00:00	+3	1845267	1847258	1992
Vibrio aestuarianus 12_016 WGS VAESTLR12016	85465993	VAESTLR12016_v1_11776	CDS	automatic/finished		Chemotaxis protein CheV		no						no		2021-05-07 00:00:00	-2	1864383	1865357	975
Vibrio aestuarianus 12_016 WGS VAESTLR12016	85466006	VAESTLR12016_v1_11789	CDS	automatic/finished		Pilus assembly protein PilW		no						no		2021-05-07 00:00:00	+2	1878794	1879522	729
Vibrio aestuarianus 12_016 WGS VAESTLR12016	85466015	VAESTLR12016_v1_11798	CDS	automatic/finished	btuD	vitamin B12 ABC transporter ATP binding subunit	7.6.2.-	no						no		2021-05-07 00:00:00	-2	1885539	1886309	771
Vibrio aestuarianus 12_016 WGS VAESTLR12016	85466016	VAESTLR12016_v1_11799	CDS	automatic/finished	btuC	vitamin B12 ABC transporter membrane subunit	7.6.2.-	no						no		2021-05-07 00:00:00	-1	1886296	1887291	996
Vibrio aestuarianus 12_016 WGS VAESTLR12016	85466076	VAESTLR12016_v1_11859	CDS	automatic/finished	cydC	glutathione/L-cysteine ABC exporter subunit CydC	3.6.3.-, 7.4.2.-	no						no		2021-05-07 00:00:00	+3	1949604	1951325	1722
Vibrio aestuarianus 12_016 WGS VAESTLR12016	85466161	VAESTLR12016_v1_11944	CDS	automatic/finished		ABC transporter ATP-binding protein		no						no		2021-05-07 00:00:00	-1	2033167	2033961	795
Vibrio aestuarianus 12_016 WGS VAESTLR12016	85466169	VAESTLR12016_v1_11952	CDS	automatic/finished	oppD	murein tripeptide ABC transporter/oligopeptide ABC transporter ATP binding subunit OppD	7.4.2.-	no						no		2021-05-07 00:00:00	-2	2042685	2043656	972
Vibrio aestuarianus 12_016 WGS VAESTLR12016	85466180	VAESTLR12016_v1_11963	CDS	automatic/finished		Acyl carrier protein		no						no		2021-05-07 00:00:00	+2	2053178	2053441	264
Vibrio aestuarianus 12_016 WGS VAESTLR12016	85466181	VAESTLR12016_v1_11964	CDS	automatic/finished	acpP	Acyl carrier protein 2		no						no		2021-05-07 00:00:00	+2	2053454	2053708	255
Vibrio aestuarianus 12_016 WGS VAESTLR12016	85466191	VAESTLR12016_v1_11974	CDS	automatic/finished		3-oxoacyl-(acyl-carrier-protein) synthase , FabV inferred for ABFAE pathway	2.3.1.41	no						no		2021-05-07 00:00:00	+1	2063266	2064501	1236
Vibrio aestuarianus 12_016 WGS VAESTLR12016	85466193	VAESTLR12016_v1_11976	CDS	automatic/finished	fabG	3-oxoacyl-[acyl-carrier-protein] reductase FabG	1.1.1.100	no						no		2021-05-07 00:00:00	+1	2064940	2065665	726
Vibrio aestuarianus 12_016 WGS VAESTLR12016	85466207	VAESTLR12016_v1_11990	CDS	automatic/finished		Histidine kinase	2.7.13.3	no						no		2021-05-07 00:00:00	+2	2078849	2082682	3834
Vibrio aestuarianus 12_016 WGS VAESTLR12016	85466208	VAESTLR12016_v1_11991	CDS	automatic/finished		Response regulator		no						no		2021-05-07 00:00:00	+3	2082672	2083616	945
Vibrio aestuarianus 12_016 WGS VAESTLR12016	85466287	VAESTLR12016_v1_12070	CDS	automatic/finished		Chemotaxis protein CheV	2.7.3.-	no						no		2021-05-07 00:00:00	-2	2158563	2159507	945
Vibrio aestuarianus 12_016 WGS VAESTLR12016	85466299	VAESTLR12016_v1_12082	CDS	automatic/finished	acpP	acyl carrier protein		no						no		2021-05-07 00:00:00	-1	2174347	2174580	234
Vibrio aestuarianus 12_016 WGS VAESTLR12016	85466300	VAESTLR12016_v1_12083	CDS	automatic/finished	fabG	3-oxoacyl-[acyl-carrier-protein] reductase FabG	1.1.1.100	no						no		2021-05-07 00:00:00	-2	2174814	2175551	738
Vibrio aestuarianus 12_016 WGS VAESTLR12016	85466318	VAESTLR12016_v1_12101	CDS	automatic/finished	adhE	aldehyde-alcohol dehydrogenase	1.1.1.1, 1.2.1.10	no						no		2021-05-07 00:00:00	-1	2192257	2194932	2676
Vibrio aestuarianus 12_016 WGS VAESTLR12016	85466336	VAESTLR12016_v1_12119	CDS	automatic/finished	sodB	superoxide dismutase (Fe)	1.15.1.1	no						no		2021-05-07 00:00:00	+2	2215748	2216332	585
Vibrio aestuarianus 12_016 WGS VAESTLR12016	85466345	VAESTLR12016_v1_12128	CDS	automatic/finished	ccmF	holocytochrome c synthetase membrane subunit CcmF		no						no		2021-05-07 00:00:00	-2	2222580	2224535	1956
Vibrio aestuarianus 12_016 WGS VAESTLR12016	85466346	VAESTLR12016_v1_12129	CDS	automatic/finished	ccmE	periplasmic heme chaperone	7.6.2.-	no						no		2021-05-07 00:00:00	-3	2224532	2225017	486
Vibrio aestuarianus 12_016 WGS VAESTLR12016	85466348	VAESTLR12016_v1_12131	CDS	automatic/finished	ccmC	heme trafficking system membrane protein CcmC	7.6.2.-	no						no		2021-05-07 00:00:00	-3	2225222	2225974	753
Vibrio aestuarianus 12_016 WGS VAESTLR12016	85466349	VAESTLR12016_v1_12132	CDS	automatic/finished	ccmB	heme trafficking system membrane protein CcmB	7.6.2.-	no						no		2021-05-07 00:00:00	-2	2226078	2226746	669
Vibrio aestuarianus 12_016 WGS VAESTLR12016	85466350	VAESTLR12016_v1_12133	CDS	automatic/finished	ccmA	heme trafficking system ATP-binding protein	7.6.2.-	no						no		2021-05-07 00:00:00	-3	2226749	2227366	618
Vibrio aestuarianus 12_016 WGS VAESTLR12016	85466352	VAESTLR12016_v1_12135	CDS	automatic/finished		Positive regulator of CheA protein activity (CheW)		no						no		2021-05-07 00:00:00	-3	2228090	2228584	495
Vibrio aestuarianus 12_016 WGS VAESTLR12016	85466355	VAESTLR12016_v1_12138	CDS	automatic/finished	cheB	Protein-glutamate methylesterase/protein-glutamine glutaminase 1	3.1.1.61, 3.5.1.44	no						no		2021-05-07 00:00:00	-3	2230418	2231530	1113
Vibrio aestuarianus 12_016 WGS VAESTLR12016	85466356	VAESTLR12016_v1_12139	CDS	automatic/finished		Signal transduction histidine kinase CheA	2.7.3.-	no						no		2021-05-07 00:00:00	-3	2231558	2233792	2235
Vibrio aestuarianus 12_016 WGS VAESTLR12016	85466357	VAESTLR12016_v1_12140	CDS	automatic/finished	cheZ	Protein phosphatase CheZ	3.1.3.-	no						no		2021-05-07 00:00:00	-3	2233802	2234521	720
Vibrio aestuarianus 12_016 WGS VAESTLR12016	85466358	VAESTLR12016_v1_12141	CDS	automatic/finished	cheY	chemotaxis protein CheY		no						no		2021-05-07 00:00:00	-3	2234582	2234962	381
Vibrio aestuarianus 12_016 WGS VAESTLR12016	85466359	VAESTLR12016_v1_12142	CDS	automatic/finished	fliA	RNA polymerase sigma factor FliA		no						no		2021-05-07 00:00:00	-1	2234995	2235729	735
Vibrio aestuarianus 12_016 WGS VAESTLR12016	85466360	VAESTLR12016_v1_12143	CDS	automatic/finished	fleN	Antiactivator FleN		no						no		2021-05-07 00:00:00	-3	2235722	2236609	888
Vibrio aestuarianus 12_016 WGS VAESTLR12016	85466362	VAESTLR12016_v1_12145	CDS	automatic/finished	flhA	flagellar biosynthesis protein FlhA		no						no		2021-05-07 00:00:00	-3	2238173	2240266	2094
Vibrio aestuarianus 12_016 WGS VAESTLR12016	85466370	VAESTLR12016_v1_12153	CDS	automatic/finished	feoB	Fe(2(+)) transporter FeoB		no						no		2021-05-07 00:00:00	-3	2247260	2249533	2274
Vibrio aestuarianus 12_016 WGS VAESTLR12016	85466371	VAESTLR12016_v1_12154	CDS	automatic/finished		Ferrous iron transport protein A		no						no		2021-05-07 00:00:00	-1	2249533	2249760	228
Vibrio aestuarianus 12_016 WGS VAESTLR12016	85466374	VAESTLR12016_v1_12157	CDS	automatic/finished	znuC	Zn(2(+)) ABC transporter ATP binding subunit	7.2.2.-	no						no		2021-05-07 00:00:00	+1	2254849	2255634	786
Vibrio aestuarianus 12_016 WGS VAESTLR12016	85466410	VAESTLR12016_v1_12193	CDS	automatic/finished	flhB	Flagellar biosynthetic protein FlhB		no						no		2021-05-07 00:00:00	-3	2288327	2289457	1131
Vibrio aestuarianus 12_016 WGS VAESTLR12016	85466411	VAESTLR12016_v1_12194	CDS	automatic/finished		Flagellar biosynthetic protein FliR		no		Cell membrane; Multi-pass membrane protein. Bacterial flagellum basal body				no		2021-05-07 00:00:00	-3	2289467	2290249	783
Vibrio aestuarianus 12_016 WGS VAESTLR12016	85466412	VAESTLR12016_v1_12195	CDS	automatic/finished	fliQ	Flagellar biosynthetic protein FliQ		no		Cell membrane. Bacterial flagellum basal body				no		2021-05-07 00:00:00	-1	2290258	2290527	270
Vibrio aestuarianus 12_016 WGS VAESTLR12016	85466413	VAESTLR12016_v1_12196	CDS	automatic/finished		Flagellar biosynthesis protein fliP		no						no		2021-05-07 00:00:00	-2	2290539	2291387	849
Vibrio aestuarianus 12_016 WGS VAESTLR12016	85466414	VAESTLR12016_v1_12197	CDS	automatic/finished		Flagellar biosynthesis protein fliO		no						no		2021-05-07 00:00:00	-1	2291422	2291796	375
Vibrio aestuarianus 12_016 WGS VAESTLR12016	85466415	VAESTLR12016_v1_12198	CDS	automatic/finished	fliN	flagellar motor switch protein FliN		no						no		2021-05-07 00:00:00	-1	2291830	2292240	411
Vibrio aestuarianus 12_016 WGS VAESTLR12016	85466416	VAESTLR12016_v1_12199	CDS	automatic/finished	fliM	Flagellar motor switch protein FliM		no						no		2021-05-07 00:00:00	-2	2292255	2293313	1059
Vibrio aestuarianus 12_016 WGS VAESTLR12016	85466417	VAESTLR12016_v1_12200	CDS	automatic/finished		Flagellar biosynthesis protein fliL		no						no		2021-05-07 00:00:00	-1	2293321	2293818	498
Vibrio aestuarianus 12_016 WGS VAESTLR12016	85466419	VAESTLR12016_v1_12202	CDS	automatic/finished		Flagellar protein fliJ		no						no		2021-05-07 00:00:00	-1	2295835	2296287	453
Vibrio aestuarianus 12_016 WGS VAESTLR12016	85466420	VAESTLR12016_v1_12203	CDS	automatic/finished	fliI	flagellum-specific ATP synthase FliI		no						no		2021-05-07 00:00:00	-1	2296294	2297616	1323
Vibrio aestuarianus 12_016 WGS VAESTLR12016	85466422	VAESTLR12016_v1_12205	CDS	automatic/finished	fliG	Flagellar motor switch protein FliG		no						no		2021-05-07 00:00:00	-2	2298450	2299508	1059
Vibrio aestuarianus 12_016 WGS VAESTLR12016	85466423	VAESTLR12016_v1_12206	CDS	automatic/finished		Flagellar M-ring protein		no		Bacterial flagellum basal body				no		2021-05-07 00:00:00	-1	2299501	2301243	1743
Vibrio aestuarianus 12_016 WGS VAESTLR12016	85466424	VAESTLR12016_v1_12207	CDS	automatic/finished	fliE	Flagellar hook-basal body complex protein FliE		no						no		2021-05-07 00:00:00	-1	2301259	2301570	312
Vibrio aestuarianus 12_016 WGS VAESTLR12016	85466425	VAESTLR12016_v1_12208	CDS	automatic/finished	fleR	Response regulator protein FleR		no						no		2021-05-07 00:00:00	-1	2301652	2303061	1410
Vibrio aestuarianus 12_016 WGS VAESTLR12016	85466426	VAESTLR12016_v1_12209	CDS	automatic/finished	fleS	Sensor protein kinase FleS	2.7.13.3	no						no		2021-05-07 00:00:00	-2	2303064	2304119	1056
Vibrio aestuarianus 12_016 WGS VAESTLR12016	85466427	VAESTLR12016_v1_12210	CDS	automatic/finished	fleQ	Transcriptional regulator FleQ		no						no		2021-05-07 00:00:00	-1	2304250	2305716	1467
Vibrio aestuarianus 12_016 WGS VAESTLR12016	85466428	VAESTLR12016_v1_12211	CDS	automatic/finished	fliS	Flagellar secretion chaperone FliS		no						no		2021-05-07 00:00:00	-1	2305954	2306364	411
Vibrio aestuarianus 12_016 WGS VAESTLR12016	85466432	VAESTLR12016_v1_12215	fCDS	automatic/finished	fliC	fragment of flagellar filament structural protein (part 2)		pseudo						no		2021-05-07 00:00:00	-2	2309190	2309759	570
Vibrio aestuarianus 12_016 WGS VAESTLR12016	85466433	VAESTLR12016_v1_12216	fCDS	automatic/finished	fliC	fragment of flagellar filament structural protein (part 1)		pseudo						no		2021-05-07 00:00:00	-1	2309722	2310321	600
Vibrio aestuarianus 12_016 WGS VAESTLR12016	85466434	VAESTLR12016_v1_12217	CDS	automatic/finished	flaD	Flagellin D		no						no		2021-05-07 00:00:00	-1	2310619	2311764	1146
Vibrio aestuarianus 12_016 WGS VAESTLR12016	85466435	VAESTLR12016_v1_12218	CDS	automatic/finished	flaE	putative flagellin E		no						no	3 : Putative function from multiple computational evidences	2021-05-07 00:00:00	-1	2312008	2313141	1134
Vibrio aestuarianus 12_016 WGS VAESTLR12016	85466449	VAESTLR12016_v1_12232	CDS	automatic/finished		Chemotaxis protein		no						no		2021-05-07 00:00:00	-2	2322006	2323877	1872
Vibrio aestuarianus 12_016 WGS VAESTLR12016	85466459	VAESTLR12016_v1_12242	CDS	automatic/finished	ushA	5'-nucleotidase/UDP-sugar hydrolase	3.1.3.41, 3.1.3.5, 3.1.3.89, 3.6.1.29, 3.6.1.45	no						no		2021-05-07 00:00:00	-3	2331794	2333455	1662
Vibrio aestuarianus 12_016 WGS VAESTLR12016	85466460	VAESTLR12016_v1_12243	CDS	automatic/finished	kdsA	3-deoxy-D-manno-octulosonate 8-phosphate synthase	2.5.1.55	no						no		2021-05-07 00:00:00	-3	2333855	2334706	852
Vibrio aestuarianus 12_016 WGS VAESTLR12016	85466474	VAESTLR12016_v1_12257	CDS	automatic/finished	flaC	Flagellin C		no						no		2021-05-07 00:00:00	-2	2346093	2347235	1143
Vibrio aestuarianus 12_016 WGS VAESTLR12016	85466476	VAESTLR12016_v1_12259	CDS	automatic/finished	flaA	Flagellin A		no						no		2021-05-07 00:00:00	-2	2347869	2349008	1140
Vibrio aestuarianus 12_016 WGS VAESTLR12016	85466479	VAESTLR12016_v1_12262	CDS	automatic/finished	flgJ	Peptidoglycan hydrolase FlgJ	3.2.1.-	no						no		2021-05-07 00:00:00	-3	2352623	2353528	906
Vibrio aestuarianus 12_016 WGS VAESTLR12016	85466480	VAESTLR12016_v1_12263	CDS	automatic/finished	flgI	flagellar P-ring protein		no						no		2021-05-07 00:00:00	-2	2353539	2354630	1092
Vibrio aestuarianus 12_016 WGS VAESTLR12016	85466481	VAESTLR12016_v1_12264	CDS	automatic/finished	flgH	Flagellar L-ring protein		no						no		2021-05-07 00:00:00	-3	2354678	2355457	780
Vibrio aestuarianus 12_016 WGS VAESTLR12016	85466482	VAESTLR12016_v1_12265	CDS	automatic/finished	flgG	flagellar basal-body rod protein FlgG		no						no		2021-05-07 00:00:00	-1	2355481	2356269	789
Vibrio aestuarianus 12_016 WGS VAESTLR12016	85466483	VAESTLR12016_v1_12266	CDS	automatic/finished	flgF	flagellar basal-body rod protein FlgF		no						no		2021-05-07 00:00:00	-1	2356291	2357040	750
Vibrio aestuarianus 12_016 WGS VAESTLR12016	85466484	VAESTLR12016_v1_12267	CDS	automatic/finished		Flagellar hook protein FlgE		no		Bacterial flagellum basal body				no		2021-05-07 00:00:00	-3	2357237	2358541	1305
Vibrio aestuarianus 12_016 WGS VAESTLR12016	85466485	VAESTLR12016_v1_12268	CDS	automatic/finished		Flagellar basal-body rod modification protein FlgD		no						no		2021-05-07 00:00:00	-1	2358571	2359278	708
Vibrio aestuarianus 12_016 WGS VAESTLR12016	85466486	VAESTLR12016_v1_12269	CDS	automatic/finished	flgC	flagellar basal-body rod protein FlgC		no						no		2021-05-07 00:00:00	-2	2359296	2359712	417
Vibrio aestuarianus 12_016 WGS VAESTLR12016	85466487	VAESTLR12016_v1_12270	CDS	automatic/finished	flgB	Flagellar basal body rod protein FlgB		no						no		2021-05-07 00:00:00	-1	2359717	2360112	396
Vibrio aestuarianus 12_016 WGS VAESTLR12016	85466488	VAESTLR12016_v1_12271	CDS	automatic/finished	cheR	Chemotaxis protein methyltransferase	2.1.1.80	no						no		2021-05-07 00:00:00	-1	2360383	2361210	828
Vibrio aestuarianus 12_016 WGS VAESTLR12016	85466489	VAESTLR12016_v1_12272	CDS	automatic/finished		Chemotaxis protein CheV	2.7.3.-	no						no		2021-05-07 00:00:00	-3	2361221	2362147	927
Vibrio aestuarianus 12_016 WGS VAESTLR12016	85466497	VAESTLR12016_v1_12280	CDS	automatic/finished		Outer membrane protein A precursor		no						no		2021-05-07 00:00:00	-3	2367380	2368357	978
Vibrio aestuarianus 12_016 WGS VAESTLR12016	85466511	VAESTLR12016_v1_12294	CDS	automatic/finished	lpcA	D-sedoheptulose 7-phosphate isomerase	5.3.1.28	no						no		2021-05-07 00:00:00	-1	2385535	2386110	576
Vibrio aestuarianus 12_016 WGS VAESTLR12016	85466522	VAESTLR12016_v1_12305	CDS	automatic/finished		Cytochrome c4		no						no		2021-05-07 00:00:00	-1	2396722	2397033	312
Vibrio aestuarianus 12_016 WGS VAESTLR12016	85466526	VAESTLR12016_v1_12309	CDS	automatic/finished		protein of unknown function		no	u : unknown	1 : Unknown				no	5 : Unknown function	2021-05-07 00:00:00	-3	2399705	2399866	162
Vibrio aestuarianus 12_016 WGS VAESTLR12016	85466528	VAESTLR12016_v1_12311	CDS	automatic/finished		protein of unknown function		no	u : unknown	1 : Unknown				no	5 : Unknown function	2021-05-07 00:00:00	-1	2400127	2400723	597
Vibrio aestuarianus 12_016 WGS VAESTLR12016	85466529	VAESTLR12016_v1_12312	CDS	automatic/finished	tcpT	Toxin coregulated pilus biosynthesis protein T		no						no		2021-05-07 00:00:00	-3	2400701	2402257	1557
Vibrio aestuarianus 12_016 WGS VAESTLR12016	85466544	VAESTLR12016_v1_12327	CDS	automatic/finished	lpxB	lipid A disaccharide synthase	2.4.1.182	no						no		2021-05-07 00:00:00	-1	2415943	2417094	1152
Vibrio aestuarianus 12_016 WGS VAESTLR12016	85466545	VAESTLR12016_v1_12328	CDS	automatic/finished	lpxA	UDP-N-acetylglucosamine acyltransferase	2.3.1.129	no						no		2021-05-07 00:00:00	-3	2417216	2418004	789
Vibrio aestuarianus 12_016 WGS VAESTLR12016	85466546	VAESTLR12016_v1_12329	CDS	automatic/finished	fabZ	3-hydroxy-acyl-[acyl-carrier-protein] dehydratase	4.2.1.59	no						no		2021-05-07 00:00:00	-2	2418006	2418458	453
Vibrio aestuarianus 12_016 WGS VAESTLR12016	85466547	VAESTLR12016_v1_12330	CDS	automatic/finished	lpxD	UDP-3-O-(3-hydroxymyristoyl)glucosamine N-acyltransferase	2.3.1.191	no						no		2021-05-07 00:00:00	-1	2418553	2419584	1032
Vibrio aestuarianus 12_016 WGS VAESTLR12016	85466550	VAESTLR12016_v1_12333	CDS	automatic/finished	rseP	intramembrane zinc metalloprotease	3.4.21.-	no						no		2021-05-07 00:00:00	-1	2422597	2423955	1359
Vibrio aestuarianus 12_016 WGS VAESTLR12016	85466552	VAESTLR12016_v1_12335	CDS	automatic/finished	cdsA	CDP-diglyceride synthetase	2.7.7.41	no						no		2021-05-07 00:00:00	-2	2425209	2426051	843
Vibrio aestuarianus 12_016 WGS VAESTLR12016	85466553	VAESTLR12016_v1_12336	CDS	automatic/finished	ispU	undecaprenyl diphosphate synthase	2.5.1.31	no						no		2021-05-07 00:00:00	-1	2426065	2426820	756
Vibrio aestuarianus 12_016 WGS VAESTLR12016	85466597	VAESTLR12016_v1_12380	CDS	automatic/finished	ppiA	peptidyl-prolyl cis-trans isomerase A	5.2.1.8	no						no		2021-05-07 00:00:00	+3	2467386	2467931	546
Vibrio aestuarianus 12_016 WGS VAESTLR12016	85466628	VAESTLR12016_v1_12411	CDS	automatic/finished	galE	UDP-glucose 4-epimerase	5.1.3.2	no						no		2021-05-07 00:00:00	-3	2504882	2505904	1023
Vibrio aestuarianus 12_016 WGS VAESTLR12016	85466647	VAESTLR12016_v1_12430	CDS	automatic/finished		Pilus assembly protein CpaF		no						no		2021-05-07 00:00:00	-3	2528225	2529691	1467
Vibrio aestuarianus 12_016 WGS VAESTLR12016	85466709	VAESTLR12016_v1_12492	CDS	automatic/finished	lpxC	UDP-3-O-acyl-N-acetylglucosamine deacetylase	3.5.1.108	no						no		2021-05-07 00:00:00	-3	2603291	2604208	918
Vibrio aestuarianus 12_016 WGS VAESTLR12016	85466726	VAESTLR12016_v1_12509	CDS	automatic/finished	diaA	DnaA initiator-associating factor for replication initiation		no						no		2021-05-07 00:00:00	+2	2623673	2624263	591
Vibrio aestuarianus 12_016 WGS VAESTLR12016	85466737	VAESTLR12016_v1_12520	CDS	automatic/finished	degP	periplasmic serine endoprotease DegP	3.4.21.107	no						no		2021-05-07 00:00:00	+1	2631943	2633307	1365
Vibrio aestuarianus 12_016 WGS VAESTLR12016	85466738	VAESTLR12016_v1_12521	CDS	automatic/finished	degS	serine endoprotease	3.4.21.-	no						no		2021-05-07 00:00:00	+1	2633449	2634513	1065
Vibrio aestuarianus 12_016 WGS VAESTLR12016	85466747	VAESTLR12016_v1_12530	CDS	automatic/finished	rfaE	fused heptose 7-phosphate kinase/heptose 1-phosphate adenyltransferase	2.7.1.167, 2.7.7.70	no						no		2021-05-07 00:00:00	-1	2643187	2644617	1431
Vibrio aestuarianus 12_016 WGS VAESTLR12016	85466749	VAESTLR12016_v1_12532	CDS	automatic/finished		Chemotaxis protein		no						no		2021-05-07 00:00:00	-2	2647728	2648741	1014
Vibrio aestuarianus 12_016 WGS VAESTLR12016	85466764	VAESTLR12016_v1_12547	CDS	automatic/finished	barA	sensory histidine kinase BarA		no						no		2021-05-07 00:00:00	+3	2666217	2668994	2778
Vibrio aestuarianus 12_016 WGS VAESTLR12016	85466766	VAESTLR12016_v1_12549	CDS	automatic/finished	pdxJ	pyridoxine 5'-phosphate synthase	2.6.99.2	no						no		2021-05-07 00:00:00	-3	2669453	2670184	732
Vibrio aestuarianus 12_016 WGS VAESTLR12016	85466775	VAESTLR12016_v1_12558	CDS	automatic/finished	rpoE	RNA polymerase sigma E factor		no						no		2021-05-07 00:00:00	-2	2677632	2678204	573
Vibrio aestuarianus 12_016 WGS VAESTLR12016	85466831	VAESTLR12016_v1_12614	CDS	automatic/finished		conserved exported protein of unknown function		no	u : unknown	1 : Unknown				no	4 : Unknown function but conserved in other organisms	2021-05-07 00:00:00	+2	2735090	2735317	228
Vibrio aestuarianus 12_016 WGS VAESTLR12016	85466868	VAESTLR12016_v1_12651	CDS	automatic/finished	mlaF	intermembrane phospholipid transport system, ATP binding subunit MlaF		no						no		2021-05-07 00:00:00	-2	2770467	2771261	795
Vibrio aestuarianus 12_016 WGS VAESTLR12016	85466871	VAESTLR12016_v1_12654	CDS	automatic/finished	kdsD	D-arabinose 5-phosphate isomerase KdsD	5.3.1.13	no						no		2021-05-07 00:00:00	+2	2772518	2773492	975
Vibrio aestuarianus 12_016 WGS VAESTLR12016	85466884	VAESTLR12016_v1_12667	CDS	automatic/finished	thiQ	thiamine ABC transporter ATP binding subunit	7.6.2.-	no						no		2021-05-07 00:00:00	-3	2782889	2783593	705
Vibrio aestuarianus 12_016 WGS VAESTLR12016	85466899	VAESTLR12016_v1_12682	CDS	automatic/finished		Methionine ABC transporter ATP-binding protein		no						no		2021-05-07 00:00:00	+1	2799742	2800458	717
Vibrio aestuarianus 12_016 WGS VAESTLR12016	85466903	VAESTLR12016_v1_12686	CDS	automatic/finished	cysC	adenylyl-sulfate kinase	2.7.1.25	no						no		2021-05-07 00:00:00	-2	2803500	2804117	618
Vibrio aestuarianus 12_016 WGS VAESTLR12016	85466913	VAESTLR12016_v1_12696	CDS	automatic/finished	fklB	FKBP-type peptidyl-prolyl cis-trans isomerase FklB	5.2.1.8	no						no		2021-05-07 00:00:00	+3	2815071	2815691	621
Vibrio aestuarianus 12_016 WGS VAESTLR12016	85466951	VAESTLR12016_v1_12734	CDS	automatic/finished	yheS	ABC transporter ATP-binding protein YheS		no						no		2021-05-07 00:00:00	+1	2840215	2842134	1920
Vibrio aestuarianus 12_016 WGS VAESTLR12016	85466974	VAESTLR12016_v1_12757	CDS	automatic/finished		Fimbrial protein		no						no		2021-05-07 00:00:00	-1	2861812	2863503	1692
Vibrio aestuarianus 12_016 WGS VAESTLR12016	85466976	VAESTLR12016_v1_12759	CDS	automatic/finished		Type IV pilus biogenesis protein PilO		no						no		2021-05-07 00:00:00	-1	2864053	2864661	609
Vibrio aestuarianus 12_016 WGS VAESTLR12016	85467007	VAESTLR12016_v1_12790	CDS	automatic/finished	groL	chaperonin GroEL		no						no		2021-05-07 00:00:00	-3	2897105	2898742	1638
Vibrio aestuarianus 12_016 WGS VAESTLR12016	85467052	VAESTLR12016_v1_12835	CDS	automatic/finished	agmR	Glycerol metabolism activator		no						no		2021-05-07 00:00:00	+1	2944522	2945157	636
Vibrio aestuarianus 12_016 WGS VAESTLR12016	85467067	VAESTLR12016_v1_12850	CDS	automatic/finished	fis	DNA-binding transcriptional dual regulator Fis		no						no		2021-05-07 00:00:00	+2	2962793	2963089	297
Vibrio aestuarianus 12_016 WGS VAESTLR12016	85467089	VAESTLR12016_v1_12872	CDS	automatic/finished		Membrane protein		no						no		2021-05-07 00:00:00	+2	2986946	2987170	225
Vibrio aestuarianus 12_016 WGS VAESTLR12016	85467099	VAESTLR12016_v1_12882	CDS	automatic/finished	capD	Capsular polysaccharide biosynthesis protein CapD		no						no		2021-05-07 00:00:00	-3	2995361	2997298	1938
Vibrio aestuarianus 12_016 WGS VAESTLR12016	85467100	VAESTLR12016_v1_12883	CDS	automatic/finished		Lipid carrier : UDP-N-acetylgalactosaminyltransferase	2.4.1.-	no						no		2021-05-07 00:00:00	-3	2997380	2997928	549
Vibrio aestuarianus 12_016 WGS VAESTLR12016	85467104	VAESTLR12016_v1_12887	CDS	automatic/finished	rfbC	dTDP-4-dehydrorhamnose 3,5-epimerase	5.1.3.13	no						no		2021-05-07 00:00:00	-2	3000654	3001202	549
Vibrio aestuarianus 12_016 WGS VAESTLR12016	85467106	VAESTLR12016_v1_12889	CDS	automatic/finished	rffG	dTDP-glucose 4,6-dehydratase 2	4.2.1.46	no						no		2021-05-07 00:00:00	-1	3002101	3003180	1080
Vibrio aestuarianus 12_016 WGS VAESTLR12016	85467116	VAESTLR12016_v1_12899	CDS	automatic/finished	rfbG	CDP-glucose 4,6-dehydratase	4.2.1.45	no						no		2021-05-07 00:00:00	-2	3012825	3013919	1095
Vibrio aestuarianus 12_016 WGS VAESTLR12016	85467117	VAESTLR12016_v1_12900	CDS	automatic/finished	rfbF	Glucose-1-phosphate cytidylyltransferase	2.7.7.33	no						no		2021-05-07 00:00:00	-2	3013923	3014696	774
Vibrio aestuarianus 12_016 WGS VAESTLR12016	85467122	VAESTLR12016_v1_12905	CDS	automatic/finished	fcl	GDP-L-fucose synthase	1.1.1.271	no						no		2021-05-07 00:00:00	-2	3016905	3017873	969
Vibrio aestuarianus 12_016 WGS VAESTLR12016	85467123	VAESTLR12016_v1_12906	CDS	automatic/finished	gmd	GDP-mannose 4,6-dehydratase	4.2.1.47	no						no		2021-05-07 00:00:00	-3	3017936	3019060	1125
Vibrio aestuarianus 12_016 WGS VAESTLR12016	85467124	VAESTLR12016_v1_12907	CDS	automatic/finished	manB	Phosphomannomutase	5.4.2.8	no						no		2021-05-07 00:00:00	-2	3019143	3020600	1458
Vibrio aestuarianus 12_016 WGS VAESTLR12016	85467125	VAESTLR12016_v1_12908	CDS	automatic/finished	cpsB	mannose-1-phosphate guanylyltransferase	2.7.7.13	no						no		2021-05-07 00:00:00	-3	3020609	3022021	1413
Vibrio aestuarianus 12_016 WGS VAESTLR12016	85467128	VAESTLR12016_v1_12911	CDS	automatic/finished	rfaD	ADP-L-glycero-D-mannoheptose 6-epimerase	5.1.3.20	no						no		2021-05-07 00:00:00	+2	3024206	3025147	942
Vibrio aestuarianus 12_016 WGS VAESTLR12016	85467131	VAESTLR12016_v1_12914	CDS	automatic/finished	waaF	ADP-heptose--LPS heptosyltransferase 2	2.4.1.-	no						no		2021-05-07 00:00:00	+1	3028261	3029325	1065
Vibrio aestuarianus 12_016 WGS VAESTLR12016	85467135	VAESTLR12016_v1_12918	CDS	automatic/finished	waaA	3-deoxy-D-manno-octulosonic acid transferase	2.4.99.12, 2.4.99.13	no						no		2021-05-07 00:00:00	+3	3031158	3032429	1272
Vibrio aestuarianus 12_016 WGS VAESTLR12016	85467165	VAESTLR12016_v1_20005	CDS	automatic/finished	msrAB	Peptide methionine sulfoxide reductase MsrA / Peptide methionine sulfoxide reductase MsrB	1.8.4.11, 1.8.4.12	no						no		2021-05-07 00:00:00	+3	3054648	3055781	1134
Vibrio aestuarianus 12_016 WGS VAESTLR12016	85467176	VAESTLR12016_v1_20016	CDS	automatic/finished		FKBP-type peptidyl-prolyl cis-trans isomerase / Macrophage infectivity potentiator		no						no		2021-05-07 00:00:00	+1	3065716	3066189	474
Vibrio aestuarianus 12_016 WGS VAESTLR12016	85467186	VAESTLR12016_v1_20026	CDS	automatic/finished	yejF	putative oligopeptide ABC transporter ATP binding subunit	7.4.2.-	no						no	3 : Putative function from multiple computational evidences	2021-05-07 00:00:00	-1	3072442	3074034	1593
Vibrio aestuarianus 12_016 WGS VAESTLR12016	85467225	VAESTLR12016_v1_20065	CDS	automatic/finished	cqsA	CAI-1 autoinducer synthase	2.3.-.-	no						no		2021-05-07 00:00:00	+2	3111449	3112630	1182
Vibrio aestuarianus 12_016 WGS VAESTLR12016	85467226	VAESTLR12016_v1_20066	CDS	automatic/finished	cqsS	CAI-1 autoinducer sensor kinase/phosphatase CqsS	2.7.13.3, 3.1.3.-	no						no		2021-05-07 00:00:00	-1	3112690	3114741	2052
Vibrio aestuarianus 12_016 WGS VAESTLR12016	85467271	VAESTLR12016_v1_20111	CDS	automatic/finished	yafC	Uncharacterized HTH-type transcriptional regulator YafC		no						no		2021-05-07 00:00:00	-3	3165551	3166444	894
Vibrio aestuarianus 12_016 WGS VAESTLR12016	85467277	VAESTLR12016_v1_20117	CDS	automatic/finished	yclP	Petrobactin import ATP-binding protein YclP	7.2.2.-	no						no		2021-05-07 00:00:00	-2	3172161	3172922	762
Vibrio aestuarianus 12_016 WGS VAESTLR12016	85467279	VAESTLR12016_v1_20119	CDS	automatic/finished	yclN	Petrobactin import system permease protein YclN		no						no		2021-05-07 00:00:00	-2	3173871	3174806	936
Vibrio aestuarianus 12_016 WGS VAESTLR12016	85467287	VAESTLR12016_v1_20127	CDS	automatic/finished	prtV	Pre-pro-metalloprotease PrtV	3.4.24.-	no						no		2021-05-07 00:00:00	+1	3180679	3183435	2757
Vibrio aestuarianus 12_016 WGS VAESTLR12016	85467290	VAESTLR12016_v1_20130	CDS	automatic/finished	hlyA	Hemolysin		no						no		2021-05-07 00:00:00	-3	3185606	3187831	2226
Vibrio aestuarianus 12_016 WGS VAESTLR12016	85467291	VAESTLR12016_v1_20131	CDS	automatic/finished		Thermolabile hemolysin		no						no		2021-05-07 00:00:00	+2	3188363	3189613	1251
Vibrio aestuarianus 12_016 WGS VAESTLR12016	85467301	VAESTLR12016_v1_20141	CDS	automatic/finished		3'3'-cGAMP-specific phosphodiesterase 2	3.1.4.-	no						no		2021-05-07 00:00:00	-3	3197960	3199507	1548
Vibrio aestuarianus 12_016 WGS VAESTLR12016	85467306	VAESTLR12016_v1_20146	CDS	automatic/finished		Sensor protein torS	2.7.3.-	no						no		2021-05-07 00:00:00	-2	3203355	3206252	2898
Vibrio aestuarianus 12_016 WGS VAESTLR12016	85467383	VAESTLR12016_v1_20223	CDS	automatic/finished		Histidine kinase	2.7.13.3	no						no		2021-05-07 00:00:00	-1	3286192	3288849	2658
Vibrio aestuarianus 12_016 WGS VAESTLR12016	85467442	VAESTLR12016_v1_20282	CDS	automatic/finished	empA	Virulence metalloprotease	3.4.24.-	no						no		2021-05-07 00:00:00	-3	3358979	3360814	1836
Vibrio aestuarianus 12_016 WGS VAESTLR12016	85467445	VAESTLR12016_v1_20285	CDS	automatic/finished	glpT	sn-glycerol 3-phosphate:phosphate antiporter		no						no		2021-05-07 00:00:00	+1	3363616	3364989	1374
Vibrio aestuarianus 12_016 WGS VAESTLR12016	85467450	VAESTLR12016_v1_20290	CDS	automatic/finished		Predicted Lactate-responsive regulator, LysR family		no						no		2021-05-07 00:00:00	-3	3368618	3369517	900
Vibrio aestuarianus 12_016 WGS VAESTLR12016	85467462	VAESTLR12016_v1_20302	CDS	automatic/finished		protein of unknown function		no	u : unknown	1 : Unknown				no	5 : Unknown function	2021-05-07 00:00:00	+1	3380605	3381225	621
Vibrio aestuarianus 12_016 WGS VAESTLR12016	85467514	VAESTLR12016_v1_20354	CDS	automatic/finished	malK	maltose ABC transporter ATP binding subunit	7.5.2.1	no						no		2021-05-07 00:00:00	+2	3430790	3431908	1119
Vibrio aestuarianus 12_016 WGS VAESTLR12016	85467516	VAESTLR12016_v1_20356	CDS	automatic/finished	ppiC	peptidyl-prolyl cis-trans isomerase C	5.2.1.8	no						no		2021-05-07 00:00:00	-1	3433129	3433410	282
Vibrio aestuarianus 12_016 WGS VAESTLR12016	85467538	VAESTLR12016_v1_20378	CDS	automatic/finished		protein of unknown function		no	u : unknown	1 : Unknown				no	5 : Unknown function	2021-05-07 00:00:00	-3	3453011	3453412	402
Vibrio aestuarianus 12_016 WGS VAESTLR12016	85467574	VAESTLR12016_v1_20414	CDS	automatic/finished		LysR family transcriptional regulator		no						no		2021-05-07 00:00:00	+1	3481666	3482553	888
Vibrio aestuarianus 12_016 WGS VAESTLR12016	85467580	VAESTLR12016_v1_20420	CDS	automatic/finished		protein of unknown function		no	u : unknown	1 : Unknown				no	5 : Unknown function	2021-05-07 00:00:00	-2	3488958	3489992	1035
Vibrio aestuarianus 12_016 WGS VAESTLR12016	85467592	VAESTLR12016_v1_20432	CDS	automatic/finished	pdxH	pyridoxal 5-phosphate synthase	1.4.3.5	no						no		2021-05-07 00:00:00	-2	3501552	3502187	636
Vibrio aestuarianus 12_016 WGS VAESTLR12016	85467596	VAESTLR12016_v1_20436	CDS	automatic/finished		ABC transporter, transmembrane region:ABC transporter:Peptidase C39, bacteriocin processing		no						no		2021-05-07 00:00:00	+2	3506459	3508573	2115
Vibrio aestuarianus 12_016 WGS VAESTLR12016	85467598	VAESTLR12016_v1_20438	CDS	automatic/finished		Chemotaxis protein CheY		no						no		2021-05-07 00:00:00	-3	3510551	3512224	1674
Vibrio aestuarianus 12_016 WGS VAESTLR12016	85467601	VAESTLR12016_v1_20441	CDS	automatic/finished	cheB	protein-glutamate methylesterase/protein glutamine deamidase	3.1.1.-, 3.1.1.61, 3.5.1.-, 3.5.1.44	no						no		2021-05-07 00:00:00	-2	3513762	3514802	1041
Vibrio aestuarianus 12_016 WGS VAESTLR12016	85467603	VAESTLR12016_v1_20443	CDS	automatic/finished	cheR	chemotaxis protein methyltransferase	2.1.1.-, 2.1.1.80	no						no		2021-05-07 00:00:00	-1	3515452	3516306	855
Vibrio aestuarianus 12_016 WGS VAESTLR12016	85467605	VAESTLR12016_v1_20445	CDS	automatic/finished	cheW	chemotaxis protein CheW		no						no		2021-05-07 00:00:00	-1	3518695	3519159	465
Vibrio aestuarianus 12_016 WGS VAESTLR12016	85467606	VAESTLR12016_v1_20446	CDS	automatic/finished	cheW	chemotaxis protein CheW		no						no		2021-05-07 00:00:00	-1	3519163	3519690	528
Vibrio aestuarianus 12_016 WGS VAESTLR12016	85467607	VAESTLR12016_v1_20447	CDS	automatic/finished	cheA	chemotaxis protein CheA		no						no		2021-05-07 00:00:00	-3	3519713	3521800	2088
Vibrio aestuarianus 12_016 WGS VAESTLR12016	85467608	VAESTLR12016_v1_20448	CDS	automatic/finished	cheY	chemotaxis protein CheY		no						no		2021-05-07 00:00:00	-3	3521861	3522220	360
Vibrio aestuarianus 12_016 WGS VAESTLR12016	85467666	VAESTLR12016_v1_20506	CDS	automatic/finished		protein of unknown function		no	u : unknown	1 : Unknown				no	5 : Unknown function	2021-05-07 00:00:00	-2	3595089	3595988	900
Vibrio aestuarianus 12_016 WGS VAESTLR12016	85467698	VAESTLR12016_v1_20538	CDS	automatic/finished	vanI	Acyl-homoserine-lactone synthase	2.3.1.184	no						no		2021-05-07 00:00:00	+3	3624156	3624737	582
Vibrio aestuarianus 12_016 WGS VAESTLR12016	85467699	VAESTLR12016_v1_20539	CDS	automatic/finished	vanR	Transcriptional activator protein VanR		no						no		2021-05-07 00:00:00	-2	3624744	3625466	723
Vibrio aestuarianus 12_016 WGS VAESTLR12016	85467713	VAESTLR12016_v1_20553	CDS	automatic/finished	luxO	Regulatory protein LuxO		no						no		2021-05-07 00:00:00	-2	3639123	3640751	1629
Vibrio aestuarianus 12_016 WGS VAESTLR12016	85467776	VAESTLR12016_v1_20616	CDS	automatic/finished		Type III secretion protein		no						no		2021-05-07 00:00:00	+2	3697871	3698416	546
Vibrio aestuarianus 12_016 WGS VAESTLR12016	85467779	VAESTLR12016_v1_20619	CDS	automatic/finished		conserved protein of unknown function		no	u : unknown	1 : Unknown				no	4 : Unknown function but conserved in other organisms	2021-05-07 00:00:00	+2	3699395	3700552	1158
Vibrio aestuarianus 12_016 WGS VAESTLR12016	85467780	VAESTLR12016_v1_20620	CDS	automatic/finished		VspD		no						no		2021-05-07 00:00:00	+1	3700660	3701697	1038
Vibrio aestuarianus 12_016 WGS VAESTLR12016	85467781	VAESTLR12016_v1_20621	CDS	automatic/finished		conserved protein of unknown function		no	u : unknown	1 : Unknown				no	4 : Unknown function but conserved in other organisms	2021-05-07 00:00:00	+3	3701715	3702452	738
Vibrio aestuarianus 12_016 WGS VAESTLR12016	85467800	VAESTLR12016_v1_20640	CDS	automatic/finished	uhpT	hexose-6-phosphate:phosphate antiporter		no						no		2021-05-07 00:00:00	-1	3719206	3720600	1395
Vibrio aestuarianus 12_016 WGS VAESTLR12016	85467828	VAESTLR12016_v1_20668	CDS	automatic/finished		protein of unknown function		no	u : unknown	1 : Unknown				no	5 : Unknown function	2021-05-07 00:00:00	+2	3748556	3749260	705
Vibrio aestuarianus 12_016 WGS VAESTLR12016	85467832	VAESTLR12016_v1_20672	CDS	automatic/finished		Chemotaxis protein		no						no		2021-05-07 00:00:00	-1	3752158	3754026	1869
Vibrio aestuarianus 12_016 WGS VAESTLR12016	85467869	VAESTLR12016_v1_20709	CDS	automatic/finished	ybbA	putative ABC transporter ATP-binding protein YbbA		no						no	3 : Putative function from multiple computational evidences	2021-05-07 00:00:00	+2	3789533	3790207	675
Vibrio aestuarianus 12_016 WGS VAESTLR12016	85467877	VAESTLR12016_v1_20717	CDS	automatic/finished	galE	UDP-glucose 4-epimerase	5.1.3.2	no						no		2021-05-07 00:00:00	+2	3799286	3800302	1017
Vibrio aestuarianus 12_016 WGS VAESTLR12016	85468309	VAESTLR12016_v1_21149	CDS	automatic/finished		Response regulator		no						no		2021-05-07 00:00:00	+1	4073719	4074726	1008
Vibrio aestuarianus 12_016 WGS VAESTLR12016	85468367	VAESTLR12016_v1_21207	CDS	automatic/finished	bepG	Efflux pump membrane transporter BepG		no						no		2021-05-07 00:00:00	-2	4122930	4126085	3156
Vibrio aestuarianus 12_016 WGS VAESTLR12016	85468368	VAESTLR12016_v1_21208	CDS	automatic/finished		Membrane protein		no						no		2021-05-07 00:00:00	-2	4126095	4127222	1128
Vibrio aestuarianus 12_016 WGS VAESTLR12016	85468401	VAESTLR12016_v1_21241	CDS	automatic/finished		Plasmid maintenance protein CcdB		no						no		2021-05-07 00:00:00	+2	4156418	4156663	246
Vibrio aestuarianus 12_016 WGS VAESTLR12016	85468449	VAESTLR12016_v1_30021	CDS	automatic/finished	kdkA	3-deoxy-D-manno-octulosonic acid kinase	2.7.1.166	no						no		2021-05-07 00:00:00	-3	4190825	4191529	705
Vibrio aestuarianus 12_016 WGS VAESTLR12016	85468451	VAESTLR12016_v1_30023	CDS	automatic/finished	opsX	Lipopolysaccharide core heptosyltransferase OpsX	2.-.-.-	no						no		2021-05-07 00:00:00	+2	4192418	4193503	1086
Vibrio aestuarianus 12_016 WGS VAESTLR12016	85468452	VAESTLR12016_v1_30024	CDS	automatic/finished		Uncharacterized glycosyltransferase HI_0653	2.4.-.-	no						no		2021-05-07 00:00:00	+1	4193500	4194279	780
Vibrio aestuarianus 12_016 WGS VAESTLR12016	85468453	VAESTLR12016_v1_30025	CDS	automatic/finished		Putative glycosyltransferase HI_0523	2.-.-.-	no						no	3 : Putative function from multiple computational evidences	2021-05-07 00:00:00	-3	4194248	4195282	1035
Vibrio aestuarianus 12_016 WGS VAESTLR12016	85468454	VAESTLR12016_v1_30026	CDS	automatic/finished	coaD	pantetheine-phosphate adenylyltransferase	2.7.7.3	no						no		2021-05-07 00:00:00	+1	4195402	4195893	492
Vibrio aestuarianus 12_016 WGS VAESTLR12016	85468463	VAESTLR12016_v1_30035	CDS	automatic/finished	lpxL	Lipid A biosynthesis lauroyltransferase	2.3.1.241	no						no		2021-05-07 00:00:00	+1	4201318	4202265	948
Vibrio aestuarianus 12_016 WGS VAESTLR12016	85468464	VAESTLR12016_v1_30036	CDS	automatic/finished	lpxM	Lipid A biosynthesis myristoyltransferase	2.3.1.243	no						no		2021-05-07 00:00:00	+1	4202287	4203243	957
Vibrio aestuarianus 12_016 WGS VAESTLR12016	85468519	VAESTLR12016_v1_30091	CDS	automatic/finished		Uncharacterized transporter HI_0895		no						no		2021-05-07 00:00:00	+3	4261464	4264586	3123
Vibrio aestuarianus 12_016 WGS VAESTLR12016	85468527	VAESTLR12016_v1_30099	CDS	automatic/finished	cc	Cytochrome c4		no						no		2021-05-07 00:00:00	-3	4271801	4272418	618
Vibrio aestuarianus 12_016 WGS VAESTLR12016	85468540	VAESTLR12016_v1_30112	CDS	automatic/finished		Diguanylate cyclase		no						no		2021-05-07 00:00:00	+3	4286955	4289009	2055